timeStamp,elapsed,label,responseCode,responseMessage,threadName,dataType,success,failureMessage,bytes,sentBytes,grpThreads,allThreads,URL,Latency,IdleTime,Connect
1783612173034,89,POST get_cuentas_cobrar,200,OK,Benchmark - Operaciones Normales 1-8,text,true,,1981,311,8,8,http://localhost:3500/query/empresa_simulada,85,0,1
1783612172839,284,POST get_cuentas_cobrar,200,OK,Benchmark - Operaciones Normales 1-6,text,true,,1981,311,8,8,http://localhost:3500/query/empresa_simulada,280,0,2
1783612172536,587,POST get_cuentas_cobrar,200,OK,Benchmark - Operaciones Normales 1-3,text,true,,1981,311,8,8,http://localhost:3500/query/empresa_simulada,583,0,2
1783612172494,628,POST get_cuentas_cobrar,200,OK,Benchmark - Operaciones Normales 1-1,text,true,,1981,311,8,8,http://localhost:3500/query/empresa_simulada,624,0,35
1783612172495,628,POST get_cuentas_cobrar,200,OK,Benchmark - Operaciones Normales 1-2,text,true,,1982,311,8,8,http://localhost:3500/query/empresa_simulada,624,0,36
1783612172736,387,POST get_cuentas_cobrar,200,OK,Benchmark - Operaciones Normales 1-5,text,true,,1981,311,8,8,http://localhost:3500/query/empresa_simulada,383,0,2
1783612172937,186,POST get_cuentas_cobrar,200,OK,Benchmark - Operaciones Normales 1-7,text,true,,1981,311,8,8,http://localhost:3500/query/empresa_simulada,183,0,1
1783612172638,485,POST get_cuentas_cobrar,200,OK,Benchmark - Operaciones Normales 1-4,text,true,,1981,311,8,8,http://localhost:3500/query/empresa_simulada,481,0,1
1783612173125,13,POST get_bancos,200,OK,Benchmark - Operaciones Normales 1-7,text,true,,1345,254,9,9,http://localhost:3500/query/empresa_simulada,13,0,0
1783612173125,14,POST get_bancos,200,OK,Benchmark - Operaciones Normales 1-6,text,true,,1344,254,9,9,http://localhost:3500/query/empresa_simulada,14,0,0
1783612173125,14,POST get_bancos,200,OK,Benchmark - Operaciones Normales 1-1,text,true,,1344,254,9,9,http://localhost:3500/query/empresa_simulada,14,0,0
1783612173125,15,POST get_bancos,200,OK,Benchmark - Operaciones Normales 1-3,text,true,,1344,254,9,9,http://localhost:3500/query/empresa_simulada,15,0,0
1783612173125,15,POST get_bancos,200,OK,Benchmark - Operaciones Normales 1-2,text,true,,1344,254,9,9,http://localhost:3500/query/empresa_simulada,15,0,0
1783612173125,17,POST get_bancos,200,OK,Benchmark - Operaciones Normales 1-5,text,true,,1344,254,9,9,http://localhost:3500/query/empresa_simulada,17,0,0
1783612173126,16,POST get_bancos,200,OK,Benchmark - Operaciones Normales 1-8,text,true,,1344,254,9,9,http://localhost:3500/query/empresa_simulada,16,0,0
1783612173127,15,POST get_bancos,200,OK,Benchmark - Operaciones Normales 1-4,text,true,,1344,254,9,9,http://localhost:3500/query/empresa_simulada,15,0,0
1783612173134,22,POST get_cuentas_cobrar,200,OK,Benchmark - Operaciones Normales 1-9,text,true,,1981,311,9,9,http://localhost:3500/query/empresa_simulada,22,0,3
1783612173139,22,POST get_monedas,200,OK,Benchmark - Operaciones Normales 1-6,text,true,,1573,255,9,9,http://localhost:3500/query/empresa_simulada,22,0,0
1783612173139,22,POST get_monedas,200,OK,Benchmark - Operaciones Normales 1-7,text,true,,1572,255,9,9,http://localhost:3500/query/empresa_simulada,22,0,0
1783612173141,24,POST get_monedas,200,OK,Benchmark - Operaciones Normales 1-3,text,true,,1572,255,9,9,http://localhost:3500/query/empresa_simulada,24,0,0
1783612173141,24,POST get_monedas,200,OK,Benchmark - Operaciones Normales 1-2,text,true,,1572,255,9,9,http://localhost:3500/query/empresa_simulada,24,0,0
1783612173139,26,POST get_monedas,200,OK,Benchmark - Operaciones Normales 1-1,text,true,,1572,255,9,9,http://localhost:3500/query/empresa_simulada,26,0,0
1783612173143,23,POST get_monedas,200,OK,Benchmark - Operaciones Normales 1-5,text,true,,1572,255,9,9,http://localhost:3500/query/empresa_simulada,23,0,0
1783612173143,25,POST get_monedas,200,OK,Benchmark - Operaciones Normales 1-8,text,true,,1572,255,9,9,http://localhost:3500/query/empresa_simulada,25,0,0
1783612173143,25,POST get_monedas,200,OK,Benchmark - Operaciones Normales 1-4,text,true,,1572,255,9,9,http://localhost:3500/query/empresa_simulada,25,0,0
1783612173157,11,POST get_bancos,200,OK,Benchmark - Operaciones Normales 1-9,text,true,,1344,254,9,9,http://localhost:3500/query/empresa_simulada,11,0,0
1783612173168,11,POST get_monedas,200,OK,Benchmark - Operaciones Normales 1-9,text,true,,1572,255,9,9,http://localhost:3500/query/empresa_simulada,11,0,0
1783612173162,20,POST get_empresa,200,OK,Benchmark - Operaciones Normales 1-7,text,true,,1457,255,9,9,http://localhost:3500/query/empresa_simulada,20,0,0
1783612173162,20,POST get_empresa,200,OK,Benchmark - Operaciones Normales 1-6,text,true,,1456,255,9,9,http://localhost:3500/query/empresa_simulada,20,0,0
1783612173165,20,POST get_empresa,200,OK,Benchmark - Operaciones Normales 1-2,text,true,,1456,255,9,9,http://localhost:3500/query/empresa_simulada,20,0,0
1783612173168,17,POST get_empresa,200,OK,Benchmark - Operaciones Normales 1-4,text,true,,1456,255,9,9,http://localhost:3500/query/empresa_simulada,17,0,0
1783612173165,20,POST get_empresa,200,OK,Benchmark - Operaciones Normales 1-3,text,true,,1456,255,9,9,http://localhost:3500/query/empresa_simulada,20,0,0
1783612173168,18,POST get_empresa,200,OK,Benchmark - Operaciones Normales 1-8,text,true,,1456,255,9,9,http://localhost:3500/query/empresa_simulada,17,0,0
1783612173165,22,POST get_empresa,200,OK,Benchmark - Operaciones Normales 1-1,text,true,,1456,255,9,9,http://localhost:3500/query/empresa_simulada,22,0,0
1783612173166,21,POST get_empresa,200,OK,Benchmark - Operaciones Normales 1-5,text,true,,1456,255,9,9,http://localhost:3500/query/empresa_simulada,21,0,0
1783612173179,10,POST get_empresa,200,OK,Benchmark - Operaciones Normales 1-9,text,true,,1456,255,9,9,http://localhost:3500/query/empresa_simulada,10,0,0
1783612173183,10,POST get_cuentas_cobrar,200,OK,Benchmark - Operaciones Normales 1-7,text,true,,1981,311,9,9,http://localhost:3500/query/empresa_simulada,10,0,0
1783612173183,13,POST get_cuentas_cobrar,200,OK,Benchmark - Operaciones Normales 1-6,text,true,,1981,311,9,9,http://localhost:3500/query/empresa_simulada,13,0,0
1783612173190,7,POST get_cuentas_cobrar,200,OK,Benchmark - Operaciones Normales 1-9,text,true,,1981,311,9,9,http://localhost:3500/query/empresa_simulada,7,0,0
1783612173186,13,POST get_cuentas_cobrar,200,OK,Benchmark - Operaciones Normales 1-8,text,true,,1981,311,9,9,http://localhost:3500/query/empresa_simulada,13,0,0
1783612173185,15,POST get_cuentas_cobrar,200,OK,Benchmark - Operaciones Normales 1-2,text,true,,1981,311,9,9,http://localhost:3500/query/empresa_simulada,15,0,0
1783612173186,16,POST get_cuentas_cobrar,200,OK,Benchmark - Operaciones Normales 1-3,text,true,,1981,311,9,9,http://localhost:3500/query/empresa_simulada,16,0,0
1783612173186,18,POST get_cuentas_cobrar,200,OK,Benchmark - Operaciones Normales 1-4,text,true,,1981,311,9,9,http://localhost:3500/query/empresa_simulada,17,0,0
1783612173188,17,POST get_cuentas_cobrar,200,OK,Benchmark - Operaciones Normales 1-5,text,true,,1981,311,9,9,http://localhost:3500/query/empresa_simulada,17,0,0
1783612173188,20,POST get_cuentas_cobrar,200,OK,Benchmark - Operaciones Normales 1-1,text,true,,1981,311,9,9,http://localhost:3500/query/empresa_simulada,20,0,0
1783612173194,17,POST get_bancos,200,OK,Benchmark - Operaciones Normales 1-7,text,true,,1344,254,9,9,http://localhost:3500/query/empresa_simulada,17,0,0
1783612173198,14,POST get_bancos,200,OK,Benchmark - Operaciones Normales 1-9,text,true,,1344,254,9,9,http://localhost:3500/query/empresa_simulada,14,0,0
1783612173199,15,POST get_bancos,200,OK,Benchmark - Operaciones Normales 1-8,text,true,,1344,254,9,9,http://localhost:3500/query/empresa_simulada,15,0,0
1783612173201,14,POST get_bancos,200,OK,Benchmark - Operaciones Normales 1-2,text,true,,1344,254,9,9,http://localhost:3500/query/empresa_simulada,14,0,0
1783612173202,14,POST get_bancos,200,OK,Benchmark - Operaciones Normales 1-3,text,true,,1344,254,9,9,http://localhost:3500/query/empresa_simulada,14,0,0
1783612173204,14,POST get_bancos,200,OK,Benchmark - Operaciones Normales 1-4,text,true,,1344,254,9,9,http://localhost:3500/query/empresa_simulada,14,0,0
1783612173206,14,POST get_bancos,200,OK,Benchmark - Operaciones Normales 1-5,text,true,,1344,254,9,9,http://localhost:3500/query/empresa_simulada,14,0,0
1783612173197,26,POST get_bancos,200,OK,Benchmark - Operaciones Normales 1-6,text,true,,1344,254,9,9,http://localhost:3500/query/empresa_simulada,25,0,0
1783612173211,12,POST get_monedas,200,OK,Benchmark - Operaciones Normales 1-7,text,true,,1572,255,9,9,http://localhost:3500/query/empresa_simulada,12,0,0
1783612173213,14,POST get_monedas,200,OK,Benchmark - Operaciones Normales 1-9,text,true,,1572,255,9,9,http://localhost:3500/query/empresa_simulada,14,0,0
1783612173214,14,POST get_monedas,200,OK,Benchmark - Operaciones Normales 1-8,text,true,,1572,255,9,9,http://localhost:3500/query/empresa_simulada,14,0,0
1783612173215,15,POST get_monedas,200,OK,Benchmark - Operaciones Normales 1-2,text,true,,1572,255,9,9,http://localhost:3500/query/empresa_simulada,15,0,0
1783612173217,14,POST get_monedas,200,OK,Benchmark - Operaciones Normales 1-3,text,true,,1572,255,10,10,http://localhost:3500/query/empresa_simulada,14,0,0
1783612173208,25,POST get_bancos,200,OK,Benchmark - Operaciones Normales 1-1,text,true,,1344,254,10,10,http://localhost:3500/query/empresa_simulada,25,0,0
1783612173224,10,POST get_empresa,200,OK,Benchmark - Operaciones Normales 1-7,text,true,,1456,255,10,10,http://localhost:3500/query/empresa_simulada,10,0,0
1783612173228,8,POST get_empresa,200,OK,Benchmark - Operaciones Normales 1-9,text,true,,1456,255,10,10,http://localhost:3500/query/empresa_simulada,8,0,0
1783612173228,12,POST get_empresa,200,OK,Benchmark - Operaciones Normales 1-8,text,true,,1456,255,10,10,http://localhost:3500/query/empresa_simulada,11,0,0
1783612173230,11,POST get_empresa,200,OK,Benchmark - Operaciones Normales 1-2,text,true,,1456,255,10,10,http://localhost:3500/query/empresa_simulada,11,0,0
1783612173219,23,POST get_monedas,200,OK,Benchmark - Operaciones Normales 1-4,text,true,,1572,255,10,10,http://localhost:3500/query/empresa_simulada,23,0,0
1783612173221,23,POST get_monedas,200,OK,Benchmark - Operaciones Normales 1-5,text,true,,1572,255,10,10,http://localhost:3500/query/empresa_simulada,22,0,0
1783612173223,23,POST get_monedas,200,OK,Benchmark - Operaciones Normales 1-6,text,true,,1572,255,10,10,http://localhost:3500/query/empresa_simulada,23,0,0
1783612173235,12,POST get_cuentas_cobrar,200,OK,Benchmark - Operaciones Normales 1-7,text,true,,1981,311,10,10,http://localhost:3500/query/empresa_simulada,12,0,0
1783612173237,12,POST get_cuentas_cobrar,200,OK,Benchmark - Operaciones Normales 1-9,text,true,,1981,311,10,10,http://localhost:3500/query/empresa_simulada,12,0,0
1783612173240,12,POST get_cuentas_cobrar,200,OK,Benchmark - Operaciones Normales 1-8,text,true,,1981,311,10,10,http://localhost:3500/query/empresa_simulada,12,0,0
1783612173242,12,POST get_cuentas_cobrar,200,OK,Benchmark - Operaciones Normales 1-2,text,true,,1981,311,10,10,http://localhost:3500/query/empresa_simulada,12,0,0
1783612173243,13,POST get_empresa,200,OK,Benchmark - Operaciones Normales 1-4,text,true,,1456,255,10,10,http://localhost:3500/query/empresa_simulada,13,0,0
1783612173244,13,POST get_empresa,200,OK,Benchmark - Operaciones Normales 1-5,text,true,,1456,255,10,10,http://localhost:3500/query/empresa_simulada,13,0,0
1783612173232,27,POST get_empresa,200,OK,Benchmark - Operaciones Normales 1-3,text,true,,1456,255,10,10,http://localhost:3500/query/empresa_simulada,27,0,0
1783612173233,27,POST get_monedas,200,OK,Benchmark - Operaciones Normales 1-1,text,true,,1572,255,10,10,http://localhost:3500/query/empresa_simulada,27,0,0
1783612173248,14,POST get_bancos,200,OK,Benchmark - Operaciones Normales 1-7,text,true,,1344,254,10,10,http://localhost:3500/query/empresa_simulada,14,0,0
1783612173249,14,POST get_bancos,200,OK,Benchmark - Operaciones Normales 1-9,text,true,,1344,254,10,10,http://localhost:3500/query/empresa_simulada,14,0,0
1783612173253,15,POST get_bancos,200,OK,Benchmark - Operaciones Normales 1-8,text,true,,1344,254,10,10,http://localhost:3500/query/empresa_simulada,14,0,0
1783612173255,16,POST get_bancos,200,OK,Benchmark - Operaciones Normales 1-2,text,true,,1344,254,10,10,http://localhost:3500/query/empresa_simulada,16,0,0
1783612173257,16,POST get_cuentas_cobrar,200,OK,Benchmark - Operaciones Normales 1-4,text,true,,1981,311,10,10,http://localhost:3500/query/empresa_simulada,16,0,0
1783612173258,18,POST get_cuentas_cobrar,200,OK,Benchmark - Operaciones Normales 1-5,text,true,,1981,311,10,10,http://localhost:3500/query/empresa_simulada,18,0,0
1783612173246,31,POST get_empresa,200,OK,Benchmark - Operaciones Normales 1-6,text,true,,1456,255,10,10,http://localhost:3500/query/empresa_simulada,31,0,0
1783612173232,48,POST get_cuentas_cobrar,200,OK,Benchmark - Operaciones Normales 1-10,text,true,,1981,311,10,10,http://localhost:3500/query/empresa_simulada,47,0,2
1783612173262,18,POST get_monedas,200,OK,Benchmark - Operaciones Normales 1-7,text,true,,1572,255,10,10,http://localhost:3500/query/empresa_simulada,18,0,0
1783612173264,18,POST get_monedas,200,OK,Benchmark - Operaciones Normales 1-9,text,true,,1572,255,10,10,http://localhost:3500/query/empresa_simulada,18,0,0
1783612173268,15,POST get_monedas,200,OK,Benchmark - Operaciones Normales 1-8,text,true,,1572,255,10,10,http://localhost:3500/query/empresa_simulada,15,0,0
1783612173272,14,POST get_monedas,200,OK,Benchmark - Operaciones Normales 1-2,text,true,,1572,255,10,10,http://localhost:3500/query/empresa_simulada,14,0,0
1783612173274,15,POST get_bancos,200,OK,Benchmark - Operaciones Normales 1-4,text,true,,1344,254,10,10,http://localhost:3500/query/empresa_simulada,15,0,0
1783612173277,15,POST get_bancos,200,OK,Benchmark - Operaciones Normales 1-5,text,true,,1344,254,10,10,http://localhost:3500/query/empresa_simulada,15,0,0
1783612173259,36,POST get_cuentas_cobrar,200,OK,Benchmark - Operaciones Normales 1-3,text,true,,1981,311,10,10,http://localhost:3500/query/empresa_simulada,36,0,0
1783612173261,35,POST get_empresa,200,OK,Benchmark - Operaciones Normales 1-1,text,true,,1456,255,10,10,http://localhost:3500/query/empresa_simulada,35,0,0
1783612173281,17,POST get_empresa,200,OK,Benchmark - Operaciones Normales 1-7,text,true,,1456,255,10,10,http://localhost:3500/query/empresa_simulada,17,0,0
1783612173282,18,POST get_empresa,200,OK,Benchmark - Operaciones Normales 1-9,text,true,,1456,255,10,10,http://localhost:3500/query/empresa_simulada,18,0,0
1783612173284,18,POST get_empresa,200,OK,Benchmark - Operaciones Normales 1-8,text,true,,1456,255,10,10,http://localhost:3500/query/empresa_simulada,18,0,0
1783612173287,17,POST get_empresa,200,OK,Benchmark - Operaciones Normales 1-2,text,true,,1456,255,10,10,http://localhost:3500/query/empresa_simulada,17,0,0
1783612173289,17,POST get_monedas,200,OK,Benchmark - Operaciones Normales 1-4,text,true,,1572,255,10,10,http://localhost:3500/query/empresa_simulada,17,0,0
1783612173293,16,POST get_monedas,200,OK,Benchmark - Operaciones Normales 1-5,text,true,,1572,255,10,10,http://localhost:3500/query/empresa_simulada,16,0,0
1783612173278,34,POST get_cuentas_cobrar,200,OK,Benchmark - Operaciones Normales 1-6,text,true,,1981,311,10,10,http://localhost:3500/query/empresa_simulada,34,0,0
1783612173280,33,POST get_bancos,200,OK,Benchmark - Operaciones Normales 1-10,text,true,,1344,254,10,10,http://localhost:3500/query/empresa_simulada,33,0,0
1783612173299,16,POST get_cuentas_cobrar,200,OK,Benchmark - Operaciones Normales 1-7,text,true,,1981,311,10,10,http://localhost:3500/query/empresa_simulada,16,0,0
1783612173301,16,POST get_cuentas_cobrar,200,OK,Benchmark - Operaciones Normales 1-9,text,true,,1981,311,10,10,http://localhost:3500/query/empresa_simulada,16,0,0
1783612173302,17,POST get_cuentas_cobrar,200,OK,Benchmark - Operaciones Normales 1-8,text,true,,1981,311,10,10,http://localhost:3500/query/empresa_simulada,17,0,0
1783612173304,17,POST get_cuentas_cobrar,200,OK,Benchmark - Operaciones Normales 1-2,text,true,,1981,311,10,10,http://localhost:3500/query/empresa_simulada,16,0,0
1783612173307,15,POST get_empresa,200,OK,Benchmark - Operaciones Normales 1-4,text,true,,1456,255,10,10,http://localhost:3500/query/empresa_simulada,15,0,0
1783612173309,14,POST get_empresa,200,OK,Benchmark - Operaciones Normales 1-5,text,true,,1456,255,10,10,http://localhost:3500/query/empresa_simulada,14,0,0
1783612173296,28,POST get_bancos,200,OK,Benchmark - Operaciones Normales 1-3,text,true,,1344,254,10,10,http://localhost:3500/query/empresa_simulada,28,0,0
1783612173318,224,POST get_bancos,200,OK,Benchmark - Operaciones Normales 1-9,text,true,,1344,254,10,10,http://localhost:3500/query/empresa_simulada,224,0,0
1783612173316,225,POST get_bancos,200,OK,Benchmark - Operaciones Normales 1-7,text,true,,1344,254,10,10,http://localhost:3500/query/empresa_simulada,225,0,0
1783612173320,222,POST get_bancos,200,OK,Benchmark - Operaciones Normales 1-8,text,true,,1344,254,10,10,http://localhost:3500/query/empresa_simulada,222,0,0
1783612173297,244,POST get_cuentas_cobrar,200,OK,Benchmark - Operaciones Normales 1-1,text,true,,1981,311,10,10,http://localhost:3500/query/empresa_simulada,244,0,0
1783612173321,222,POST get_bancos,200,OK,Benchmark - Operaciones Normales 1-2,text,true,,1344,254,10,10,http://localhost:3500/query/empresa_simulada,222,0,0
1783612173324,219,POST get_cuentas_cobrar,200,OK,Benchmark - Operaciones Normales 1-5,text,true,,1981,311,10,10,http://localhost:3500/query/empresa_simulada,219,0,0
1783612173322,221,POST get_cuentas_cobrar,200,OK,Benchmark - Operaciones Normales 1-4,text,true,,1981,311,10,10,http://localhost:3500/query/empresa_simulada,221,0,0
1783612173325,218,POST get_monedas,200,OK,Benchmark - Operaciones Normales 1-3,text,true,,1572,255,10,10,http://localhost:3500/query/empresa_simulada,218,0,0
1783612173312,232,POST get_bancos,200,OK,Benchmark - Operaciones Normales 1-6,text,true,,1344,254,10,10,http://localhost:3500/query/empresa_simulada,232,0,0
1783612173314,230,POST get_monedas,200,OK,Benchmark - Operaciones Normales 1-10,text,true,,1572,255,10,10,http://localhost:3500/query/empresa_simulada,230,0,0
1783612173544,18,POST get_bancos,200,OK,Benchmark - Operaciones Normales 1-5,text,true,,1344,254,10,10,http://localhost:3500/query/empresa_simulada,18,0,0
1783612173542,20,POST get_monedas,200,OK,Benchmark - Operaciones Normales 1-8,text,true,,1572,255,10,10,http://localhost:3500/query/empresa_simulada,20,0,0
1783612173542,20,POST get_monedas,200,OK,Benchmark - Operaciones Normales 1-7,text,true,,1572,255,10,10,http://localhost:3500/query/empresa_simulada,20,0,0
1783612173542,20,POST get_monedas,200,OK,Benchmark - Operaciones Normales 1-9,text,true,,1572,255,10,10,http://localhost:3500/query/empresa_simulada,20,0,0
1783612173543,26,POST get_bancos,200,OK,Benchmark - Operaciones Normales 1-1,text,true,,1344,254,10,10,http://localhost:3500/query/empresa_simulada,26,0,0
1783612173544,25,POST get_monedas,200,OK,Benchmark - Operaciones Normales 1-6,text,true,,1572,255,10,10,http://localhost:3500/query/empresa_simulada,25,0,0
1783612173544,25,POST get_bancos,200,OK,Benchmark - Operaciones Normales 1-4,text,true,,1344,254,10,10,http://localhost:3500/query/empresa_simulada,25,0,0
1783612173544,25,POST get_monedas,200,OK,Benchmark - Operaciones Normales 1-2,text,true,,1572,255,10,10,http://localhost:3500/query/empresa_simulada,25,0,0
1783612173544,29,POST get_empresa,200,OK,Benchmark - Operaciones Normales 1-3,text,true,,1456,255,10,10,http://localhost:3500/query/empresa_simulada,29,0,0
1783612173546,28,POST get_empresa,200,OK,Benchmark - Operaciones Normales 1-10,text,true,,1456,255,10,10,http://localhost:3500/query/empresa_simulada,28,0,0
1783612173562,17,POST get_empresa,200,OK,Benchmark - Operaciones Normales 1-7,text,true,,1456,255,10,10,http://localhost:3500/query/empresa_simulada,17,0,0
1783612173562,17,POST get_empresa,200,OK,Benchmark - Operaciones Normales 1-9,text,true,,1456,255,10,10,http://localhost:3500/query/empresa_simulada,17,0,0
1783612173562,17,POST get_empresa,200,OK,Benchmark - Operaciones Normales 1-8,text,true,,1456,255,10,10,http://localhost:3500/query/empresa_simulada,17,0,0
1783612173562,20,POST get_monedas,200,OK,Benchmark - Operaciones Normales 1-5,text,true,,1572,255,10,10,http://localhost:3500/query/empresa_simulada,20,0,0
1783612173570,14,POST get_empresa,200,OK,Benchmark - Operaciones Normales 1-2,text,true,,1456,255,10,10,http://localhost:3500/query/empresa_simulada,14,0,0
1783612173570,14,POST get_monedas,200,OK,Benchmark - Operaciones Normales 1-4,text,true,,1572,255,10,10,http://localhost:3500/query/empresa_simulada,14,0,0
1783612173570,14,POST get_empresa,200,OK,Benchmark - Operaciones Normales 1-6,text,true,,1456,255,10,10,http://localhost:3500/query/empresa_simulada,14,0,0
1783612173570,15,POST get_monedas,200,OK,Benchmark - Operaciones Normales 1-1,text,true,,1572,255,10,10,http://localhost:3500/query/empresa_simulada,15,0,0
1783612173574,12,POST get_cuentas_cobrar,200,OK,Benchmark - Operaciones Normales 1-3,text,true,,1981,311,10,10,http://localhost:3500/query/empresa_simulada,12,0,0
1783612173580,13,POST get_cuentas_cobrar,200,OK,Benchmark - Operaciones Normales 1-7,text,true,,1981,311,10,10,http://localhost:3500/query/empresa_simulada,12,0,0
1783612173575,17,POST get_cuentas_cobrar,200,OK,Benchmark - Operaciones Normales 1-10,text,true,,1981,311,10,10,http://localhost:3500/query/empresa_simulada,17,0,0
1783612173580,12,POST get_cuentas_cobrar,200,OK,Benchmark - Operaciones Normales 1-9,text,true,,1981,311,10,10,http://localhost:3500/query/empresa_simulada,12,0,0
1783612173580,13,POST get_cuentas_cobrar,200,OK,Benchmark - Operaciones Normales 1-8,text,true,,1981,311,10,10,http://localhost:3500/query/empresa_simulada,13,0,0
1783612173586,15,POST get_bancos,200,OK,Benchmark - Operaciones Normales 1-3,text,true,,1344,254,10,10,http://localhost:3500/query/empresa_simulada,15,0,0
1783612173585,16,POST get_empresa,200,OK,Benchmark - Operaciones Normales 1-1,text,true,,1456,255,10,10,http://localhost:3500/query/empresa_simulada,16,0,0
1783612173585,16,POST get_cuentas_cobrar,200,OK,Benchmark - Operaciones Normales 1-6,text,true,,1981,311,10,10,http://localhost:3500/query/empresa_simulada,16,0,0
1783612173583,19,POST get_empresa,200,OK,Benchmark - Operaciones Normales 1-5,text,true,,1456,255,10,10,http://localhost:3500/query/empresa_simulada,19,0,0
1783612173584,18,POST get_cuentas_cobrar,200,OK,Benchmark - Operaciones Normales 1-2,text,true,,1981,311,10,10,http://localhost:3500/query/empresa_simulada,18,0,0
1783612173601,12,POST get_cuentas_cobrar,200,OK,Benchmark - Operaciones Normales 1-1,text,true,,1981,311,10,10,http://localhost:3500/query/empresa_simulada,12,0,0
1783612173602,11,POST get_bancos,200,OK,Benchmark - Operaciones Normales 1-6,text,true,,1344,254,10,10,http://localhost:3500/query/empresa_simulada,11,0,0
1783612173584,29,POST get_empresa,200,OK,Benchmark - Operaciones Normales 1-4,text,true,,1456,255,10,10,http://localhost:3500/query/empresa_simulada,29,0,0
1783612173601,12,POST get_monedas,200,OK,Benchmark - Operaciones Normales 1-3,text,true,,1572,255,10,10,http://localhost:3500/query/empresa_simulada,12,0,0
1783612173593,27,POST get_bancos,200,OK,Benchmark - Operaciones Normales 1-10,text,true,,1344,254,10,10,http://localhost:3500/query/empresa_simulada,27,0,0
1783612173593,27,POST get_bancos,200,OK,Benchmark - Operaciones Normales 1-8,text,true,,1344,254,10,10,http://localhost:3500/query/empresa_simulada,27,0,0
1783612173593,29,POST get_bancos,200,OK,Benchmark - Operaciones Normales 1-7,text,true,,1344,254,10,10,http://localhost:3500/query/empresa_simulada,29,0,0
1783612173593,29,POST get_bancos,200,OK,Benchmark - Operaciones Normales 1-9,text,true,,1344,254,10,10,http://localhost:3500/query/empresa_simulada,29,0,0
1783612173603,20,POST get_cuentas_cobrar,200,OK,Benchmark - Operaciones Normales 1-5,text,true,,1981,311,10,10,http://localhost:3500/query/empresa_simulada,20,0,0
1783612173614,13,POST get_bancos,200,OK,Benchmark - Operaciones Normales 1-1,text,true,,1344,254,10,10,http://localhost:3500/query/empresa_simulada,13,0,0
1783612173603,24,POST get_bancos,200,OK,Benchmark - Operaciones Normales 1-2,text,true,,1344,254,10,10,http://localhost:3500/query/empresa_simulada,24,0,0
1783612173614,13,POST get_empresa,200,OK,Benchmark - Operaciones Normales 1-3,text,true,,1456,255,10,10,http://localhost:3500/query/empresa_simulada,13,0,0
1783612173614,23,POST get_monedas,200,OK,Benchmark - Operaciones Normales 1-6,text,true,,1572,255,10,10,http://localhost:3500/query/empresa_simulada,23,0,0
1783612173621,67,POST get_monedas,200,OK,Benchmark - Operaciones Normales 1-8,text,true,,1572,255,10,10,http://localhost:3500/query/empresa_simulada,67,0,0
1783612173614,74,POST get_cuentas_cobrar,200,OK,Benchmark - Operaciones Normales 1-4,text,true,,1981,311,10,10,http://localhost:3500/query/empresa_simulada,74,0,0
1783612173622,66,POST get_monedas,200,OK,Benchmark - Operaciones Normales 1-9,text,true,,1572,255,10,10,http://localhost:3500/query/empresa_simulada,66,0,0
1783612173622,72,POST get_monedas,200,OK,Benchmark - Operaciones Normales 1-7,text,true,,1572,255,10,10,http://localhost:3500/query/empresa_simulada,72,0,0
1783612173624,71,POST get_bancos,200,OK,Benchmark - Operaciones Normales 1-5,text,true,,1344,254,10,10,http://localhost:3500/query/empresa_simulada,71,0,0
1783612173628,68,POST get_monedas,200,OK,Benchmark - Operaciones Normales 1-2,text,true,,1572,255,10,10,http://localhost:3500/query/empresa_simulada,68,0,0
1783612173621,75,POST get_monedas,200,OK,Benchmark - Operaciones Normales 1-10,text,true,,1572,255,10,10,http://localhost:3500/query/empresa_simulada,75,0,0
1783612173628,68,POST get_monedas,200,OK,Benchmark - Operaciones Normales 1-1,text,true,,1572,255,10,10,http://localhost:3500/query/empresa_simulada,67,0,0
1783612173628,68,POST get_cuentas_cobrar,200,OK,Benchmark - Operaciones Normales 1-3,text,true,,1981,311,10,10,http://localhost:3500/query/empresa_simulada,68,0,0
1783612173638,59,POST get_empresa,200,OK,Benchmark - Operaciones Normales 1-6,text,true,,1456,255,10,10,http://localhost:3500/query/empresa_simulada,59,0,0
1783612173688,10,POST get_empresa,200,OK,Benchmark - Operaciones Normales 1-8,text,true,,1456,255,10,10,http://localhost:3500/query/empresa_simulada,10,0,0
1783612173688,10,POST get_empresa,200,OK,Benchmark - Operaciones Normales 1-9,text,true,,1456,255,10,10,http://localhost:3500/query/empresa_simulada,10,0,0
1783612173688,10,POST get_bancos,200,OK,Benchmark - Operaciones Normales 1-4,text,true,,1344,254,10,10,http://localhost:3500/query/empresa_simulada,10,0,0
1783612173696,24,POST get_bancos,200,OK,Benchmark - Operaciones Normales 1-3,text,true,,1344,254,10,10,http://localhost:3500/query/empresa_simulada,24,0,0
1783612173720,6,POST get_monedas,200,OK,Benchmark - Operaciones Normales 1-3,text,true,,1572,255,10,10,http://localhost:3500/query/empresa_simulada,6,0,0
1783612173696,31,POST get_monedas,200,OK,Benchmark - Operaciones Normales 1-5,text,true,,1572,255,10,10,http://localhost:3500/query/empresa_simulada,31,0,0
1783612173697,30,POST get_cuentas_cobrar,200,OK,Benchmark - Operaciones Normales 1-6,text,true,,1981,311,10,10,http://localhost:3500/query/empresa_simulada,30,0,0
1783612173696,32,POST get_empresa,200,OK,Benchmark - Operaciones Normales 1-1,text,true,,1456,255,10,10,http://localhost:3500/query/empresa_simulada,32,0,0
1783612173694,34,POST get_empresa,200,OK,Benchmark - Operaciones Normales 1-7,text,true,,1456,255,10,10,http://localhost:3500/query/empresa_simulada,34,0,0
1783612173696,32,POST get_empresa,200,OK,Benchmark - Operaciones Normales 1-2,text,true,,1456,255,10,10,http://localhost:3500/query/empresa_simulada,32,0,0
1783612173696,32,POST get_empresa,200,OK,Benchmark - Operaciones Normales 1-10,text,true,,1456,255,10,10,http://localhost:3500/query/empresa_simulada,32,0,0
1783612173699,29,POST get_monedas,200,OK,Benchmark - Operaciones Normales 1-4,text,true,,1572,255,10,10,http://localhost:3500/query/empresa_simulada,29,0,0
1783612173699,30,POST get_cuentas_cobrar,200,OK,Benchmark - Operaciones Normales 1-9,text,true,,1981,311,10,10,http://localhost:3500/query/empresa_simulada,30,0,0
1783612173699,30,POST get_cuentas_cobrar,200,OK,Benchmark - Operaciones Normales 1-8,text,true,,1981,311,10,10,http://localhost:3500/query/empresa_simulada,30,0,0
1783612173727,9,POST get_empresa,200,OK,Benchmark - Operaciones Normales 1-3,text,true,,1456,255,10,10,http://localhost:3500/query/empresa_simulada,9,0,0
1783612173728,17,POST get_cuentas_cobrar,200,OK,Benchmark - Operaciones Normales 1-7,text,true,,1981,311,10,10,http://localhost:3500/query/empresa_simulada,17,0,0
1783612173728,17,POST get_empresa,200,OK,Benchmark - Operaciones Normales 1-5,text,true,,1456,255,10,10,http://localhost:3500/query/empresa_simulada,17,0,0
1783612173728,17,POST get_cuentas_cobrar,200,OK,Benchmark - Operaciones Normales 1-2,text,true,,1981,311,10,10,http://localhost:3500/query/empresa_simulada,17,0,0
1783612173728,19,POST get_cuentas_cobrar,200,OK,Benchmark - Operaciones Normales 1-1,text,true,,1981,311,10,10,http://localhost:3500/query/empresa_simulada,19,0,0
1783612173728,19,POST get_bancos,200,OK,Benchmark - Operaciones Normales 1-6,text,true,,1344,254,10,10,http://localhost:3500/query/empresa_simulada,19,0,0
1783612173729,18,POST get_empresa,200,OK,Benchmark - Operaciones Normales 1-4,text,true,,1456,255,10,10,http://localhost:3500/query/empresa_simulada,18,0,0
1783612173729,27,POST get_cuentas_cobrar,200,OK,Benchmark - Operaciones Normales 1-10,text,true,,1981,311,10,10,http://localhost:3500/query/empresa_simulada,27,0,0
1783612173729,27,POST get_bancos,200,OK,Benchmark - Operaciones Normales 1-9,text,true,,1344,254,10,10,http://localhost:3500/query/empresa_simulada,27,0,0
1783612173729,27,POST get_bancos,200,OK,Benchmark - Operaciones Normales 1-8,text,true,,1344,254,10,10,http://localhost:3500/query/empresa_simulada,27,0,0
1783612173737,20,POST get_cuentas_cobrar,200,OK,Benchmark - Operaciones Normales 1-3,text,true,,1981,311,10,10,http://localhost:3500/query/empresa_simulada,20,0,0
1783612173745,17,POST get_cuentas_cobrar,200,OK,Benchmark - Operaciones Normales 1-5,text,true,,1981,311,10,10,http://localhost:3500/query/empresa_simulada,17,0,0
1783612173745,17,POST get_bancos,200,OK,Benchmark - Operaciones Normales 1-2,text,true,,1344,254,10,10,http://localhost:3500/query/empresa_simulada,17,0,0
1783612173745,17,POST get_bancos,200,OK,Benchmark - Operaciones Normales 1-7,text,true,,1344,254,10,10,http://localhost:3500/query/empresa_simulada,17,0,0
1783612173747,19,POST get_bancos,200,OK,Benchmark - Operaciones Normales 1-1,text,true,,1344,254,10,10,http://localhost:3500/query/empresa_simulada,19,0,0
1783612173758,8,POST get_bancos,200,OK,Benchmark - Operaciones Normales 1-3,text,true,,1344,254,10,10,http://localhost:3500/query/empresa_simulada,8,0,0
1783612173757,13,POST get_monedas,200,OK,Benchmark - Operaciones Normales 1-8,text,true,,1572,255,10,10,http://localhost:3500/query/empresa_simulada,13,0,0
1783612173747,28,POST get_monedas,200,OK,Benchmark - Operaciones Normales 1-6,text,true,,1572,255,10,10,http://localhost:3500/query/empresa_simulada,28,0,0
1783612173757,21,POST get_bancos,200,OK,Benchmark - Operaciones Normales 1-10,text,true,,1344,254,10,10,http://localhost:3500/query/empresa_simulada,21,0,0
1783612173748,30,POST get_cuentas_cobrar,200,OK,Benchmark - Operaciones Normales 1-4,text,true,,1981,311,10,10,http://localhost:3500/query/empresa_simulada,30,0,0
1783612173767,13,POST get_monedas,200,OK,Benchmark - Operaciones Normales 1-3,text,true,,1572,255,10,10,http://localhost:3500/query/empresa_simulada,13,0,0
1783612173766,14,POST get_monedas,200,OK,Benchmark - Operaciones Normales 1-1,text,true,,1572,255,10,10,http://localhost:3500/query/empresa_simulada,14,0,0
1783612173757,23,POST get_monedas,200,OK,Benchmark - Operaciones Normales 1-9,text,true,,1572,255,10,10,http://localhost:3500/query/empresa_simulada,23,0,0
1783612173762,20,POST get_bancos,200,OK,Benchmark - Operaciones Normales 1-5,text,true,,1344,254,10,10,http://localhost:3500/query/empresa_simulada,20,0,0
1783612173762,20,POST get_monedas,200,OK,Benchmark - Operaciones Normales 1-7,text,true,,1572,255,10,10,http://localhost:3500/query/empresa_simulada,20,0,0
1783612173762,20,POST get_monedas,200,OK,Benchmark - Operaciones Normales 1-2,text,true,,1572,255,10,10,http://localhost:3500/query/empresa_simulada,20,0,0
1783612173771,13,POST get_empresa,200,OK,Benchmark - Operaciones Normales 1-8,text,true,,1456,255,10,10,http://localhost:3500/query/empresa_simulada,12,0,0
1783612173776,9,POST get_empresa,200,OK,Benchmark - Operaciones Normales 1-6,text,true,,1456,255,10,10,http://localhost:3500/query/empresa_simulada,9,0,0
1783612173778,11,POST get_monedas,200,OK,Benchmark - Operaciones Normales 1-10,text,true,,1572,255,10,10,http://localhost:3500/query/empresa_simulada,11,0,0
1783612173778,15,POST get_bancos,200,OK,Benchmark - Operaciones Normales 1-4,text,true,,1344,254,10,10,http://localhost:3500/query/empresa_simulada,15,0,0
1783612173783,10,POST get_empresa,200,OK,Benchmark - Operaciones Normales 1-7,text,true,,1456,255,10,10,http://localhost:3500/query/empresa_simulada,10,0,0
1783612173781,17,POST get_empresa,200,OK,Benchmark - Operaciones Normales 1-9,text,true,,1456,255,10,10,http://localhost:3500/query/empresa_simulada,17,0,0
1783612173781,17,POST get_empresa,200,OK,Benchmark - Operaciones Normales 1-3,text,true,,1456,255,10,10,http://localhost:3500/query/empresa_simulada,17,0,0
1783612173781,18,POST get_empresa,200,OK,Benchmark - Operaciones Normales 1-1,text,true,,1456,255,10,10,http://localhost:3500/query/empresa_simulada,18,0,0
1783612173782,17,POST get_monedas,200,OK,Benchmark - Operaciones Normales 1-5,text,true,,1572,255,10,10,http://localhost:3500/query/empresa_simulada,17,0,0
1783612173783,18,POST get_empresa,200,OK,Benchmark - Operaciones Normales 1-2,text,true,,1456,255,10,10,http://localhost:3500/query/empresa_simulada,18,0,0
1783612173786,17,POST get_cuentas_cobrar,200,OK,Benchmark - Operaciones Normales 1-6,text,true,,1981,311,10,10,http://localhost:3500/query/empresa_simulada,17,0,0
1783612173784,22,POST get_cuentas_cobrar,200,OK,Benchmark - Operaciones Normales 1-8,text,true,,1981,311,10,10,http://localhost:3500/query/empresa_simulada,22,0,0
1783612173793,14,POST get_monedas,200,OK,Benchmark - Operaciones Normales 1-4,text,true,,1572,255,10,10,http://localhost:3500/query/empresa_simulada,14,0,0
1783612173799,12,POST get_cuentas_cobrar,200,OK,Benchmark - Operaciones Normales 1-1,text,true,,1981,311,10,10,http://localhost:3500/query/empresa_simulada,12,0,0
1783612173793,18,POST get_cuentas_cobrar,200,OK,Benchmark - Operaciones Normales 1-7,text,true,,1981,311,10,10,http://localhost:3500/query/empresa_simulada,18,0,0
1783612173799,14,POST get_cuentas_cobrar,200,OK,Benchmark - Operaciones Normales 1-3,text,true,,1981,311,10,10,http://localhost:3500/query/empresa_simulada,14,0,0
1783612173799,14,POST get_cuentas_cobrar,200,OK,Benchmark - Operaciones Normales 1-9,text,true,,1981,311,10,10,http://localhost:3500/query/empresa_simulada,14,0,0
1783612173799,17,POST get_empresa,200,OK,Benchmark - Operaciones Normales 1-5,text,true,,1456,255,10,10,http://localhost:3500/query/empresa_simulada,17,0,0
1783612173802,16,POST get_cuentas_cobrar,200,OK,Benchmark - Operaciones Normales 1-2,text,true,,1981,311,10,10,http://localhost:3500/query/empresa_simulada,16,0,0
1783612173790,28,POST get_empresa,200,OK,Benchmark - Operaciones Normales 1-10,text,true,,1456,255,10,10,http://localhost:3500/query/empresa_simulada,28,0,0
1783612173808,11,POST get_empresa,200,OK,Benchmark - Operaciones Normales 1-4,text,true,,1456,255,10,10,http://localhost:3500/query/empresa_simulada,11,0,0
1783612173811,15,POST get_bancos,200,OK,Benchmark - Operaciones Normales 1-7,text,true,,1344,254,10,10,http://localhost:3500/query/empresa_simulada,15,0,0
1783612173811,19,POST get_bancos,200,OK,Benchmark - Operaciones Normales 1-1,text,true,,1344,254,10,10,http://localhost:3500/query/empresa_simulada,19,0,0
1783612173803,28,POST get_bancos,200,OK,Benchmark - Operaciones Normales 1-6,text,true,,1344,254,10,10,http://localhost:3500/query/empresa_simulada,28,0,0
1783612173806,27,POST get_bancos,200,OK,Benchmark - Operaciones Normales 1-8,text,true,,1344,254,10,10,http://localhost:3500/query/empresa_simulada,26,0,0
1783612173819,15,POST get_cuentas_cobrar,200,OK,Benchmark - Operaciones Normales 1-4,text,true,,1981,311,10,10,http://localhost:3500/query/empresa_simulada,15,0,0
1783612173827,9,POST get_monedas,200,OK,Benchmark - Operaciones Normales 1-7,text,true,,1572,255,10,10,http://localhost:3500/query/empresa_simulada,9,0,0
1783612173831,8,POST get_monedas,200,OK,Benchmark - Operaciones Normales 1-1,text,true,,1572,255,10,10,http://localhost:3500/query/empresa_simulada,8,0,0
1783612173814,27,POST get_bancos,200,OK,Benchmark - Operaciones Normales 1-3,text,true,,1344,254,10,10,http://localhost:3500/query/empresa_simulada,27,0,0
1783612173814,29,POST get_bancos,200,OK,Benchmark - Operaciones Normales 1-9,text,true,,1344,254,10,10,http://localhost:3500/query/empresa_simulada,29,0,0
1783612173818,27,POST get_bancos,200,OK,Benchmark - Operaciones Normales 1-2,text,true,,1344,254,10,10,http://localhost:3500/query/empresa_simulada,27,0,0
1783612173817,30,POST get_cuentas_cobrar,200,OK,Benchmark - Operaciones Normales 1-5,text,true,,1981,311,10,10,http://localhost:3500/query/empresa_simulada,30,0,0
1783612173818,30,POST get_cuentas_cobrar,200,OK,Benchmark - Operaciones Normales 1-10,text,true,,1981,311,10,10,http://localhost:3500/query/empresa_simulada,30,0,0
1783612173835,15,POST get_bancos,200,OK,Benchmark - Operaciones Normales 1-4,text,true,,1344,254,10,10,http://localhost:3500/query/empresa_simulada,15,0,0
1783612173836,15,POST get_empresa,200,OK,Benchmark - Operaciones Normales 1-7,text,true,,1456,255,10,10,http://localhost:3500/query/empresa_simulada,15,0,0
1783612173840,12,POST get_empresa,200,OK,Benchmark - Operaciones Normales 1-1,text,true,,1456,255,10,10,http://localhost:3500/query/empresa_simulada,12,0,0
1783612173841,13,POST get_monedas,200,OK,Benchmark - Operaciones Normales 1-3,text,true,,1572,255,10,10,http://localhost:3500/query/empresa_simulada,13,0,0
1783612173843,13,POST get_monedas,200,OK,Benchmark - Operaciones Normales 1-9,text,true,,1572,255,10,10,http://localhost:3500/query/empresa_simulada,13,0,0
1783612173845,14,POST get_monedas,200,OK,Benchmark - Operaciones Normales 1-2,text,true,,1572,255,10,10,http://localhost:3500/query/empresa_simulada,14,0,0
1783612173831,32,POST get_monedas,200,OK,Benchmark - Operaciones Normales 1-6,text,true,,1572,255,10,10,http://localhost:3500/query/empresa_simulada,32,0,0
1783612173833,32,POST get_monedas,200,OK,Benchmark - Operaciones Normales 1-8,text,true,,1572,255,10,10,http://localhost:3500/query/empresa_simulada,32,0,0
1783612173850,17,POST get_monedas,200,OK,Benchmark - Operaciones Normales 1-4,text,true,,1572,255,10,10,http://localhost:3500/query/empresa_simulada,17,0,0
1783612173852,16,POST get_cuentas_cobrar,200,OK,Benchmark - Operaciones Normales 1-7,text,true,,1981,311,10,10,http://localhost:3500/query/empresa_simulada,16,0,0
1783612173853,16,POST get_cuentas_cobrar,200,OK,Benchmark - Operaciones Normales 1-1,text,true,,1981,311,10,10,http://localhost:3500/query/empresa_simulada,16,0,0
1783612173856,15,POST get_empresa,200,OK,Benchmark - Operaciones Normales 1-9,text,true,,1456,255,10,10,http://localhost:3500/query/empresa_simulada,15,0,0
1783612173855,16,POST get_empresa,200,OK,Benchmark - Operaciones Normales 1-3,text,true,,1456,255,10,10,http://localhost:3500/query/empresa_simulada,16,0,0
1783612173859,13,POST get_empresa,200,OK,Benchmark - Operaciones Normales 1-2,text,true,,1456,255,10,10,http://localhost:3500/query/empresa_simulada,13,0,0
1783612173863,10,POST get_empresa,200,OK,Benchmark - Operaciones Normales 1-6,text,true,,1456,255,10,10,http://localhost:3500/query/empresa_simulada,10,0,0
1783612173847,28,POST get_bancos,200,OK,Benchmark - Operaciones Normales 1-5,text,true,,1344,254,10,10,http://localhost:3500/query/empresa_simulada,28,0,0
1783612173867,11,POST get_empresa,200,OK,Benchmark - Operaciones Normales 1-4,text,true,,1456,255,10,10,http://localhost:3500/query/empresa_simulada,11,0,0
1783612173849,29,POST get_bancos,200,OK,Benchmark - Operaciones Normales 1-10,text,true,,1344,254,10,10,http://localhost:3500/query/empresa_simulada,29,0,0
1783612173869,11,POST get_bancos,200,OK,Benchmark - Operaciones Normales 1-7,text,true,,1344,254,10,10,http://localhost:3500/query/empresa_simulada,11,0,0
1783612173870,12,POST get_bancos,200,OK,Benchmark - Operaciones Normales 1-1,text,true,,1344,254,10,10,http://localhost:3500/query/empresa_simulada,12,0,0
1783612173871,13,POST get_cuentas_cobrar,200,OK,Benchmark - Operaciones Normales 1-3,text,true,,1981,311,10,10,http://localhost:3500/query/empresa_simulada,13,0,0
1783612173871,15,POST get_cuentas_cobrar,200,OK,Benchmark - Operaciones Normales 1-9,text,true,,1981,311,10,10,http://localhost:3500/query/empresa_simulada,15,0,0
1783612173866,22,POST get_empresa,200,OK,Benchmark - Operaciones Normales 1-8,text,true,,1456,255,10,10,http://localhost:3500/query/empresa_simulada,22,0,0
1783612173878,11,POST get_cuentas_cobrar,200,OK,Benchmark - Operaciones Normales 1-4,text,true,,1981,311,10,10,http://localhost:3500/query/empresa_simulada,11,0,0
1783612173881,11,POST get_monedas,200,OK,Benchmark - Operaciones Normales 1-7,text,true,,1572,255,10,10,http://localhost:3500/query/empresa_simulada,11,0,0
1783612173882,12,POST get_monedas,200,OK,Benchmark - Operaciones Normales 1-1,text,true,,1572,255,10,10,http://localhost:3500/query/empresa_simulada,12,0,0
1783612173884,13,POST get_bancos,200,OK,Benchmark - Operaciones Normales 1-3,text,true,,1344,254,10,10,http://localhost:3500/query/empresa_simulada,13,0,0
1783612173873,27,POST get_cuentas_cobrar,200,OK,Benchmark - Operaciones Normales 1-6,text,true,,1981,311,10,10,http://localhost:3500/query/empresa_simulada,27,0,0
1783612173873,31,POST get_cuentas_cobrar,200,OK,Benchmark - Operaciones Normales 1-2,text,true,,1981,311,10,10,http://localhost:3500/query/empresa_simulada,31,0,0
1783612173876,30,POST get_monedas,200,OK,Benchmark - Operaciones Normales 1-5,text,true,,1572,255,10,10,http://localhost:3500/query/empresa_simulada,30,0,0
1783612173878,29,POST get_monedas,200,OK,Benchmark - Operaciones Normales 1-10,text,true,,1572,255,10,10,http://localhost:3500/query/empresa_simulada,29,0,0
1783612173890,19,POST get_bancos,200,OK,Benchmark - Operaciones Normales 1-4,text,true,,1344,254,10,10,http://localhost:3500/query/empresa_simulada,19,0,0
1783612173893,18,POST get_empresa,200,OK,Benchmark - Operaciones Normales 1-7,text,true,,1456,255,10,10,http://localhost:3500/query/empresa_simulada,18,0,0
1783612173895,17,POST get_empresa,200,OK,Benchmark - Operaciones Normales 1-1,text,true,,1456,255,10,10,http://localhost:3500/query/empresa_simulada,17,0,0
1783612173897,16,POST get_monedas,200,OK,Benchmark - Operaciones Normales 1-3,text,true,,1572,255,10,10,http://localhost:3500/query/empresa_simulada,16,0,0
1783612173901,14,POST get_bancos,200,OK,Benchmark - Operaciones Normales 1-6,text,true,,1344,254,10,10,http://localhost:3500/query/empresa_simulada,14,0,0
1783612173904,13,POST get_bancos,200,OK,Benchmark - Operaciones Normales 1-2,text,true,,1344,254,10,10,http://localhost:3500/query/empresa_simulada,13,0,0
1783612173887,32,POST get_bancos,200,OK,Benchmark - Operaciones Normales 1-9,text,true,,1344,254,10,10,http://localhost:3500/query/empresa_simulada,32,0,0
1783612173888,33,POST get_cuentas_cobrar,200,OK,Benchmark - Operaciones Normales 1-8,text,true,,1981,311,10,10,http://localhost:3500/query/empresa_simulada,33,0,0
1783612173910,13,POST get_monedas,200,OK,Benchmark - Operaciones Normales 1-4,text,true,,1572,255,10,10,http://localhost:3500/query/empresa_simulada,13,0,0
1783612173912,14,POST get_cuentas_cobrar,200,OK,Benchmark - Operaciones Normales 1-7,text,true,,1981,311,10,10,http://localhost:3500/query/empresa_simulada,14,0,0
1783612173912,16,POST get_cuentas_cobrar,200,OK,Benchmark - Operaciones Normales 1-1,text,true,,1981,311,10,10,http://localhost:3500/query/empresa_simulada,16,0,0
1783612173914,16,POST get_empresa,200,OK,Benchmark - Operaciones Normales 1-3,text,true,,1456,255,10,10,http://localhost:3500/query/empresa_simulada,16,0,0
1783612173916,16,POST get_monedas,200,OK,Benchmark - Operaciones Normales 1-6,text,true,,1572,255,10,10,http://localhost:3500/query/empresa_simulada,16,0,0
1783612173917,16,POST get_monedas,200,OK,Benchmark - Operaciones Normales 1-2,text,true,,1572,255,10,10,http://localhost:3500/query/empresa_simulada,16,0,0
1783612173906,29,POST get_empresa,200,OK,Benchmark - Operaciones Normales 1-5,text,true,,1456,255,10,10,http://localhost:3500/query/empresa_simulada,29,0,0
1783612173924,13,POST get_empresa,200,OK,Benchmark - Operaciones Normales 1-4,text,true,,1456,255,10,10,http://localhost:3500/query/empresa_simulada,13,0,0
1783612173908,29,POST get_empresa,200,OK,Benchmark - Operaciones Normales 1-10,text,true,,1456,255,10,10,http://localhost:3500/query/empresa_simulada,29,0,0
1783612173927,11,POST get_bancos,200,OK,Benchmark - Operaciones Normales 1-7,text,true,,1344,254,10,10,http://localhost:3500/query/empresa_simulada,11,0,0
1783612173929,15,POST get_bancos,200,OK,Benchmark - Operaciones Normales 1-1,text,true,,1344,254,10,10,http://localhost:3500/query/empresa_simulada,15,0,0
1783612173930,15,POST get_cuentas_cobrar,200,OK,Benchmark - Operaciones Normales 1-3,text,true,,1981,311,10,10,http://localhost:3500/query/empresa_simulada,15,0,0
1783612173919,27,POST get_monedas,200,OK,Benchmark - Operaciones Normales 1-9,text,true,,1572,255,10,10,http://localhost:3500/query/empresa_simulada,27,0,0
1783612173921,27,POST get_bancos,200,OK,Benchmark - Operaciones Normales 1-8,text,true,,1344,254,10,10,http://localhost:3500/query/empresa_simulada,27,0,0
1783612173937,14,POST get_cuentas_cobrar,200,OK,Benchmark - Operaciones Normales 1-4,text,true,,1981,311,10,10,http://localhost:3500/query/empresa_simulada,14,0,0
1783612173939,14,POST get_monedas,200,OK,Benchmark - Operaciones Normales 1-7,text,true,,1572,255,10,10,http://localhost:3500/query/empresa_simulada,14,0,0
1783612173935,20,POST get_cuentas_cobrar,200,OK,Benchmark - Operaciones Normales 1-5,text,true,,1981,311,10,10,http://localhost:3500/query/empresa_simulada,20,0,0
1783612173933,26,POST get_empresa,200,OK,Benchmark - Operaciones Normales 1-2,text,true,,1456,255,10,10,http://localhost:3500/query/empresa_simulada,26,0,0
1783612173933,26,POST get_empresa,200,OK,Benchmark - Operaciones Normales 1-6,text,true,,1456,255,10,10,http://localhost:3500/query/empresa_simulada,26,0,0
1783612173937,23,POST get_cuentas_cobrar,200,OK,Benchmark - Operaciones Normales 1-10,text,true,,1981,311,10,10,http://localhost:3500/query/empresa_simulada,23,0,0
1783612173952,10,POST get_bancos,200,OK,Benchmark - Operaciones Normales 1-4,text,true,,1344,254,10,10,http://localhost:3500/query/empresa_simulada,10,0,0
1783612173945,18,POST get_monedas,200,OK,Benchmark - Operaciones Normales 1-1,text,true,,1572,255,10,10,http://localhost:3500/query/empresa_simulada,18,0,0
1783612173946,17,POST get_empresa,200,OK,Benchmark - Operaciones Normales 1-9,text,true,,1456,255,10,10,http://localhost:3500/query/empresa_simulada,17,0,0
1783612173946,19,POST get_bancos,200,OK,Benchmark - Operaciones Normales 1-3,text,true,,1344,254,10,10,http://localhost:3500/query/empresa_simulada,19,0,0
1783612173949,21,POST get_monedas,200,OK,Benchmark - Operaciones Normales 1-8,text,true,,1572,255,10,10,http://localhost:3500/query/empresa_simulada,21,0,0
1783612173962,10,POST get_monedas,200,OK,Benchmark - Operaciones Normales 1-4,text,true,,1572,255,10,10,http://localhost:3500/query/empresa_simulada,10,0,0
1783612173964,9,POST get_cuentas_cobrar,200,OK,Benchmark - Operaciones Normales 1-9,text,true,,1981,311,10,10,http://localhost:3500/query/empresa_simulada,9,0,0
1783612173964,12,POST get_empresa,200,OK,Benchmark - Operaciones Normales 1-1,text,true,,1456,255,10,10,http://localhost:3500/query/empresa_simulada,12,0,0
1783612173955,21,POST get_bancos,200,OK,Benchmark - Operaciones Normales 1-5,text,true,,1344,254,10,10,http://localhost:3500/query/empresa_simulada,21,0,0
1783612173954,24,POST get_empresa,200,OK,Benchmark - Operaciones Normales 1-7,text,true,,1456,255,10,10,http://localhost:3500/query/empresa_simulada,24,0,0
1783612173959,21,POST get_cuentas_cobrar,200,OK,Benchmark - Operaciones Normales 1-6,text,true,,1981,311,10,10,http://localhost:3500/query/empresa_simulada,20,0,0
1783612173959,24,POST get_cuentas_cobrar,200,OK,Benchmark - Operaciones Normales 1-2,text,true,,1981,311,10,10,http://localhost:3500/query/empresa_simulada,24,0,0
1783612173960,25,POST get_bancos,200,OK,Benchmark - Operaciones Normales 1-10,text,true,,1344,254,10,10,http://localhost:3500/query/empresa_simulada,25,0,0
1783612173973,14,POST get_empresa,200,OK,Benchmark - Operaciones Normales 1-4,text,true,,1456,255,10,10,http://localhost:3500/query/empresa_simulada,14,0,0
1783612173974,15,POST get_bancos,200,OK,Benchmark - Operaciones Normales 1-9,text,true,,1344,254,10,10,http://localhost:3500/query/empresa_simulada,15,0,0
1783612173976,14,POST get_cuentas_cobrar,200,OK,Benchmark - Operaciones Normales 1-1,text,true,,1981,311,10,10,http://localhost:3500/query/empresa_simulada,14,0,0
1783612173977,17,POST get_monedas,200,OK,Benchmark - Operaciones Normales 1-5,text,true,,1572,255,10,10,http://localhost:3500/query/empresa_simulada,17,0,0
1783612173978,16,POST get_cuentas_cobrar,200,OK,Benchmark - Operaciones Normales 1-7,text,true,,1981,311,10,10,http://localhost:3500/query/empresa_simulada,16,0,0
1783612173980,15,POST get_bancos,200,OK,Benchmark - Operaciones Normales 1-6,text,true,,1344,254,10,10,http://localhost:3500/query/empresa_simulada,15,0,0
1783612173984,12,POST get_bancos,200,OK,Benchmark - Operaciones Normales 1-2,text,true,,1344,254,10,10,http://localhost:3500/query/empresa_simulada,12,0,0
1783612173966,31,POST get_monedas,200,OK,Benchmark - Operaciones Normales 1-3,text,true,,1572,255,10,10,http://localhost:3500/query/empresa_simulada,31,0,0
1783612173970,28,POST get_empresa,200,OK,Benchmark - Operaciones Normales 1-8,text,true,,1456,255,10,10,http://localhost:3500/query/empresa_simulada,28,0,0
1783612173988,12,POST get_cuentas_cobrar,200,OK,Benchmark - Operaciones Normales 1-4,text,true,,1981,311,10,10,http://localhost:3500/query/empresa_simulada,12,0,0
1783612173991,11,POST get_monedas,200,OK,Benchmark - Operaciones Normales 1-9,text,true,,1572,255,10,10,http://localhost:3500/query/empresa_simulada,11,0,0
1783612173992,13,POST get_bancos,200,OK,Benchmark - Operaciones Normales 1-1,text,true,,1344,254,10,10,http://localhost:3500/query/empresa_simulada,13,0,0
1783612173995,12,POST get_empresa,200,OK,Benchmark - Operaciones Normales 1-5,text,true,,1456,255,10,10,http://localhost:3500/query/empresa_simulada,12,0,0
1783612173995,14,POST get_bancos,200,OK,Benchmark - Operaciones Normales 1-7,text,true,,1344,254,10,10,http://localhost:3500/query/empresa_simulada,14,0,0
1783612173996,16,POST get_monedas,200,OK,Benchmark - Operaciones Normales 1-6,text,true,,1572,255,10,10,http://localhost:3500/query/empresa_simulada,16,0,0
1783612173997,15,POST get_monedas,200,OK,Benchmark - Operaciones Normales 1-2,text,true,,1572,255,10,10,http://localhost:3500/query/empresa_simulada,15,0,0
1783612173986,29,POST get_monedas,200,OK,Benchmark - Operaciones Normales 1-10,text,true,,1572,255,10,10,http://localhost:3500/query/empresa_simulada,29,0,0
1783612174001,15,POST get_bancos,200,OK,Benchmark - Operaciones Normales 1-4,text,true,,1344,254,10,10,http://localhost:3500/query/empresa_simulada,15,0,0
1783612174003,14,POST get_empresa,200,OK,Benchmark - Operaciones Normales 1-9,text,true,,1456,255,10,10,http://localhost:3500/query/empresa_simulada,14,0,0
1783612174005,13,POST get_monedas,200,OK,Benchmark - Operaciones Normales 1-1,text,true,,1572,255,10,10,http://localhost:3500/query/empresa_simulada,13,0,0
1783612174008,12,POST get_cuentas_cobrar,200,OK,Benchmark - Operaciones Normales 1-5,text,true,,1981,311,10,10,http://localhost:3500/query/empresa_simulada,12,0,0
1783612174010,12,POST get_monedas,200,OK,Benchmark - Operaciones Normales 1-7,text,true,,1572,255,10,10,http://localhost:3500/query/empresa_simulada,12,0,0
1783612173998,25,POST get_empresa,200,OK,Benchmark - Operaciones Normales 1-3,text,true,,1456,255,10,10,http://localhost:3500/query/empresa_simulada,25,0,0
1783612173998,27,POST get_cuentas_cobrar,200,OK,Benchmark - Operaciones Normales 1-8,text,true,,1981,311,10,10,http://localhost:3500/query/empresa_simulada,27,0,0
1783612174017,13,POST get_cuentas_cobrar,200,OK,Benchmark - Operaciones Normales 1-9,text,true,,1981,311,10,10,http://localhost:3500/query/empresa_simulada,13,0,0
1783612174016,14,POST get_monedas,200,OK,Benchmark - Operaciones Normales 1-4,text,true,,1572,255,10,10,http://localhost:3500/query/empresa_simulada,14,0,0
1783612174018,14,POST get_empresa,200,OK,Benchmark - Operaciones Normales 1-1,text,true,,1456,255,10,10,http://localhost:3500/query/empresa_simulada,14,0,0
1783612174020,13,POST get_bancos,200,OK,Benchmark - Operaciones Normales 1-5,text,true,,1344,254,10,10,http://localhost:3500/query/empresa_simulada,13,0,0
1783612174022,12,POST get_empresa,200,OK,Benchmark - Operaciones Normales 1-7,text,true,,1456,255,10,10,http://localhost:3500/query/empresa_simulada,12,0,0
1783612174012,25,POST get_empresa,200,OK,Benchmark - Operaciones Normales 1-2,text,true,,1456,255,10,10,http://localhost:3500/query/empresa_simulada,24,0,0
1783612174012,26,POST get_empresa,200,OK,Benchmark - Operaciones Normales 1-6,text,true,,1456,255,9,9,http://localhost:3500/query/empresa_simulada,26,0,0
1783612174015,27,POST get_empresa,200,OK,Benchmark - Operaciones Normales 1-10,text,true,,1456,255,9,9,http://localhost:3500/query/empresa_simulada,27,0,0
1783612174031,13,POST get_empresa,200,OK,Benchmark - Operaciones Normales 1-4,text,true,,1456,255,9,9,http://localhost:3500/query/empresa_simulada,13,0,0
1783612174031,16,POST get_bancos,200,OK,Benchmark - Operaciones Normales 1-9,text,true,,1344,254,8,8,http://localhost:3500/query/empresa_simulada,16,0,0
1783612174032,17,POST get_cuentas_cobrar,200,OK,Benchmark - Operaciones Normales 1-1,text,true,,1981,311,8,8,http://localhost:3500/query/empresa_simulada,17,0,0
1783612174034,16,POST get_monedas,200,OK,Benchmark - Operaciones Normales 1-5,text,true,,1572,255,8,8,http://localhost:3500/query/empresa_simulada,16,0,0
1783612174037,17,POST get_cuentas_cobrar,200,OK,Benchmark - Operaciones Normales 1-2,text,true,,1981,311,8,8,http://localhost:3500/query/empresa_simulada,16,0,0
1783612174039,15,POST get_cuentas_cobrar,200,OK,Benchmark - Operaciones Normales 1-6,text,true,,1981,311,8,8,http://localhost:3500/query/empresa_simulada,15,0,0
1783612174024,33,POST get_cuentas_cobrar,200,OK,Benchmark - Operaciones Normales 1-3,text,true,,1981,311,8,8,http://localhost:3500/query/empresa_simulada,33,0,0
1783612174026,35,POST get_bancos,200,OK,Benchmark - Operaciones Normales 1-8,text,true,,1344,254,8,8,http://localhost:3500/query/empresa_simulada,35,0,0
1783612174047,20,POST get_monedas,200,OK,Benchmark - Operaciones Normales 1-9,text,true,,1572,255,8,8,http://localhost:3500/query/empresa_simulada,20,0,0
1783612174050,17,POST get_bancos,200,OK,Benchmark - Operaciones Normales 1-1,text,true,,1344,254,8,8,http://localhost:3500/query/empresa_simulada,17,0,0
1783612174050,21,POST get_empresa,200,OK,Benchmark - Operaciones Normales 1-5,text,true,,1456,255,8,8,http://localhost:3500/query/empresa_simulada,21,0,0
1783612174054,19,POST get_bancos,200,OK,Benchmark - Operaciones Normales 1-6,text,true,,1344,254,8,8,http://localhost:3500/query/empresa_simulada,19,0,0
1783612174054,19,POST get_bancos,200,OK,Benchmark - Operaciones Normales 1-2,text,true,,1344,254,8,8,http://localhost:3500/query/empresa_simulada,19,0,0
1783612174042,35,POST get_cuentas_cobrar,200,OK,Benchmark - Operaciones Normales 1-10,text,true,,1981,311,8,8,http://localhost:3500/query/empresa_simulada,35,0,0
1783612174058,19,POST get_bancos,200,OK,Benchmark - Operaciones Normales 1-3,text,true,,1344,254,8,8,http://localhost:3500/query/empresa_simulada,19,0,0
1783612174062,15,POST get_monedas,200,OK,Benchmark - Operaciones Normales 1-8,text,true,,1572,255,8,8,http://localhost:3500/query/empresa_simulada,15,0,0
1783612174068,10,POST get_empresa,200,OK,Benchmark - Operaciones Normales 1-9,text,true,,1456,255,8,8,http://localhost:3500/query/empresa_simulada,10,0,0
1783612174073,7,POST get_monedas,200,OK,Benchmark - Operaciones Normales 1-2,text,true,,1572,255,7,7,http://localhost:3500/query/empresa_simulada,7,0,0
1783612174068,12,POST get_monedas,200,OK,Benchmark - Operaciones Normales 1-1,text,true,,1572,255,7,7,http://localhost:3500/query/empresa_simulada,12,0,0
1783612174072,10,POST get_cuentas_cobrar,200,OK,Benchmark - Operaciones Normales 1-5,text,true,,1981,311,7,7,http://localhost:3500/query/empresa_simulada,10,0,0
1783612174073,10,POST get_monedas,200,OK,Benchmark - Operaciones Normales 1-6,text,true,,1572,255,7,7,http://localhost:3500/query/empresa_simulada,10,0,0
1783612174080,5,POST get_empresa,200,OK,Benchmark - Operaciones Normales 1-2,text,true,,1456,255,7,7,http://localhost:3500/query/empresa_simulada,5,0,0
1783612174078,8,POST get_empresa,200,OK,Benchmark - Operaciones Normales 1-8,text,true,,1456,255,6,6,http://localhost:3500/query/empresa_simulada,8,0,0
1783612174078,10,POST get_bancos,200,OK,Benchmark - Operaciones Normales 1-10,text,true,,1344,254,6,6,http://localhost:3500/query/empresa_simulada,10,0,0
1783612174078,12,POST get_monedas,200,OK,Benchmark - Operaciones Normales 1-3,text,true,,1572,255,6,6,http://localhost:3500/query/empresa_simulada,12,0,0
1783612174080,12,POST get_empresa,200,OK,Benchmark - Operaciones Normales 1-1,text,true,,1456,255,6,6,http://localhost:3500/query/empresa_simulada,12,0,0
1783612174087,6,POST get_cuentas_cobrar,200,OK,Benchmark - Operaciones Normales 1-8,text,true,,1981,311,6,6,http://localhost:3500/query/empresa_simulada,6,0,0
1783612174089,5,POST get_monedas,200,OK,Benchmark - Operaciones Normales 1-10,text,true,,1572,255,5,5,http://localhost:3500/query/empresa_simulada,5,0,0
1783612174082,13,POST get_bancos,200,OK,Benchmark - Operaciones Normales 1-5,text,true,,1344,254,5,5,http://localhost:3500/query/empresa_simulada,13,0,0
1783612174083,13,POST get_empresa,200,OK,Benchmark - Operaciones Normales 1-6,text,true,,1456,255,5,5,http://localhost:3500/query/empresa_simulada,13,0,0
1783612174093,5,POST get_bancos,200,OK,Benchmark - Operaciones Normales 1-8,text,true,,1344,254,5,5,http://localhost:3500/query/empresa_simulada,5,0,0
1783612174090,10,POST get_empresa,200,OK,Benchmark - Operaciones Normales 1-3,text,true,,1456,255,5,5,http://localhost:3500/query/empresa_simulada,10,0,0
1783612174099,3,POST get_monedas,200,OK,Benchmark - Operaciones Normales 1-8,text,true,,1572,255,4,4,http://localhost:3500/query/empresa_simulada,3,0,0
1783612174095,8,POST get_empresa,200,OK,Benchmark - Operaciones Normales 1-10,text,true,,1456,255,4,4,http://localhost:3500/query/empresa_simulada,8,0,0
1783612174096,9,POST get_cuentas_cobrar,200,OK,Benchmark - Operaciones Normales 1-6,text,true,,1981,311,4,4,http://localhost:3500/query/empresa_simulada,9,0,0
1783612174096,11,POST get_monedas,200,OK,Benchmark - Operaciones Normales 1-5,text,true,,1572,255,4,4,http://localhost:3500/query/empresa_simulada,11,0,0
1783612174102,7,POST get_empresa,200,OK,Benchmark - Operaciones Normales 1-8,text,true,,1456,255,4,4,http://localhost:3500/query/empresa_simulada,7,0,0
1783612174104,7,POST get_cuentas_cobrar,200,OK,Benchmark - Operaciones Normales 1-10,text,true,,1981,311,3,3,http://localhost:3500/query/empresa_simulada,7,0,0
1783612174105,7,POST get_bancos,200,OK,Benchmark - Operaciones Normales 1-6,text,true,,1344,254,3,3,http://localhost:3500/query/empresa_simulada,7,0,0
1783612174107,7,POST get_empresa,200,OK,Benchmark - Operaciones Normales 1-5,text,true,,1456,255,3,3,http://localhost:3500/query/empresa_simulada,7,0,0
1783612174111,6,POST get_bancos,200,OK,Benchmark - Operaciones Normales 1-10,text,true,,1344,254,2,2,http://localhost:3500/query/empresa_simulada,6,0,0
1783612174113,5,POST get_monedas,200,OK,Benchmark - Operaciones Normales 1-6,text,true,,1572,255,2,2,http://localhost:3500/query/empresa_simulada,5,0,0
1783612174118,3,POST get_monedas,200,OK,Benchmark - Operaciones Normales 1-10,text,true,,1572,255,2,2,http://localhost:3500/query/empresa_simulada,3,0,0
1783612174118,4,POST get_empresa,200,OK,Benchmark - Operaciones Normales 1-6,text,true,,1456,255,2,2,http://localhost:3500/query/empresa_simulada,4,0,0
1783612174121,4,POST get_empresa,200,OK,Benchmark - Operaciones Normales 1-10,text,true,,1456,255,1,1,http://localhost:3500/query/empresa_simulada,4,0,0
1783612174126,3,POST get_cuentas_cobrar,200,OK,Benchmark - Operaciones Normales 1-10,text,true,,1981,311,1,1,http://localhost:3500/query/empresa_simulada,3,0,0
1783612174129,4,POST get_bancos,200,OK,Benchmark - Operaciones Normales 1-10,text,true,,1344,254,1,1,http://localhost:3500/query/empresa_simulada,4,0,0
1783612174133,4,POST get_monedas,200,OK,Benchmark - Operaciones Normales 1-10,text,true,,1572,255,1,1,http://localhost:3500/query/empresa_simulada,4,0,0
1783612174138,3,POST get_empresa,200,OK,Benchmark - Operaciones Normales 1-10,text,true,,1456,255,1,1,http://localhost:3500/query/empresa_simulada,3,0,0
1783612174142,4,POST get_cuentas_cobrar,200,OK,Benchmark - Operaciones Normales 1-10,text,true,,1981,311,1,1,http://localhost:3500/query/empresa_simulada,4,0,0
1783612174146,3,POST get_bancos,200,OK,Benchmark - Operaciones Normales 1-10,text,true,,1344,254,1,1,http://localhost:3500/query/empresa_simulada,3,0,0
1783612174149,4,POST get_monedas,200,OK,Benchmark - Operaciones Normales 1-10,text,true,,1572,255,1,1,http://localhost:3500/query/empresa_simulada,4,0,0
1783612174153,3,POST get_empresa,200,OK,Benchmark - Operaciones Normales 1-10,text,true,,1456,255,1,1,http://localhost:3500/query/empresa_simulada,3,0,0
1783612174157,3,POST get_cuentas_cobrar,200,OK,Benchmark - Operaciones Normales 1-10,text,true,,1981,311,1,1,http://localhost:3500/query/empresa_simulada,3,0,0
1783612174160,4,POST get_bancos,200,OK,Benchmark - Operaciones Normales 1-10,text,true,,1344,254,1,1,http://localhost:3500/query/empresa_simulada,4,0,0
1783612174164,4,POST get_monedas,200,OK,Benchmark - Operaciones Normales 1-10,text,true,,1572,255,1,1,http://localhost:3500/query/empresa_simulada,4,0,0
1783612174169,4,POST get_empresa,200,OK,Benchmark - Operaciones Normales 1-10,text,true,,1456,255,1,1,http://localhost:3500/query/empresa_simulada,4,0,0
1783612174844,32,POST get_clientes - PAYLOAD LIMIT TEST,502,Bad Gateway,Prueba Limite Payload - get_clientes 25K registros 2-3,text,false,,1026,256,3,3,http://localhost:3500/query/empresa_simulada,32,0,2
1783612174511,29694,POST get_clientes - PAYLOAD LIMIT TEST,504,Gateway Timeout,Prueba Limite Payload - get_clientes 25K registros 2-2,text,false,,986,256,2,2,http://localhost:3500/query/empresa_simulada,29694,0,2
1783612174177,30028,POST get_clientes - PAYLOAD LIMIT TEST,504,Gateway Timeout,Prueba Limite Payload - get_clientes 25K registros 2-1,text,false,,986,256,2,2,http://localhost:3500/query/empresa_simulada,30028,0,2
